feature,importance
years_of_experience,0.3675770998540426
education,0.2479219091501543
age,0.221304428278417
job_title,0.10067343496337287
city,0.03249647359349032
gender,0.01270978687559359
job_location,0.00908465595197185
nationality,0.00823221133295745
